{"done_training": true, "stop_early": true, "early_stopping_step": 5, "early_stopping_best_val": 0.02501766674919054, "early_stopping_criteria": 5, "learning_rate": 3.90625e-08, "epoch_index": 32, "train_loss": [1.8115565437695076, 1.2442834151202236, 0.556962747255276, 0.22654666096485895, 0.1996072749767838, 0.06863846300683658, 0.0828036127515651, 0.05815812299863018, 0.028062323465590077, 0.03230739552688239, 0.024984282778640246, 0.014742009635765812, 0.012443154014582777, 0.010166171032951438, 0.00692081193796937, 0.006815043066283046, 0.0064332189162839845, 0.0044604657164670465, 0.004799124525342104, 0.004343496246167041, 0.004069165023071852, 0.0033202550568666054, 0.0033810584713576427, 0.003549143847616004, 0.003621558880068137, 0.003777320711504154, 0.0038522556634892806, 0.003612899784990265, 0.003825415248464761, 0.003072076338616296, 0.0033623413042293796, 0.0033868964664148294, 0.00348428612000887], "train_acc": [30.598711633194426, 62.96892762410002, 86.53846153846155, 96.85013262599466, 96.8169761273209, 99.03846153846148, 98.076923076923, 98.67374005305037, 99.53580901856762, 99.4694960212201, 99.56896551724134, 99.83421750663128, 99.83421750663128, 99.93368700265252, 99.96684350132625, 99.93368700265252, 99.93368700265252, 99.96684350132625, 100.0, 100.0, 99.96684350132625, 100.0, 100.0, 100.0, 100.0, 100.0, 99.96684350132625, 100.0, 100.0, 100.0, 100.0, 100.0, 100.0], "val_loss": [1.5539581203460693, 0.760538866519928, 0.26857402503490446, 0.08827161967754364, 0.05460172079503536, 0.05335564829409122, 0.03971933327615261, 0.03273995628580451, 0.03170778105966747, 0.031355262072756886, 0.030355137763544916, 0.027154072276316582, 0.02555152400396764, 0.02546023373492062, 0.03047789799515158, 0.02501766674919054, 0.024115021626930685, 0.03327621611533686, 0.02740413909428753, 0.029155282046413048, 0.029160916142282077, 0.035109939416870475, 0.029973270629998296, 0.038104186604032295, 0.029576631995732895, 0.030934790162718856, 0.03624135476595256, 0.02964405025122687, 0.030644525053794495, 0.02945433061104268, 0.03173940247972496, 0.034812043486745096, 0.03509202765708323], "val_acc": [47.19457013574661, 93.84615384615387, 95.84615384615387, 98.92307692307693, 99.23076923076924, 98.30769230769232, 99.38461538461539, 99.53846153846155, 99.53846153846155, 99.53846153846155, 99.38461538461539, 99.6923076923077, 99.6923076923077, 99.6923076923077, 99.6923076923077, 99.6923076923077, 99.6923076923077, 99.6923076923077, 99.6923076923077, 99.6923076923077, 99.6923076923077, 99.6923076923077, 99.6923076923077, 99.6923076923077, 99.6923076923077, 99.6923076923077, 99.6923076923077, 99.6923076923077, 99.6923076923077, 99.6923076923077, 99.6923076923077, 99.6923076923077, 99.6923076923077], "test_loss": -1, "test_acc": -1, "save_dir": "/content/experiments/main/1558276575_74f6ab40-7a43-11e9-8b2b-0242ac1c0002", "model_filename": "model.pth", "f_nfe": [74.0, 88.75862068965517, 79.08620689655173, 69.05172413793103, 64.86206896551724, 61.03448275862069, 62.224137931034484, 59.12068965517241, 53.8448275862069, 53.94827586206897, 54.98275862068966, 53.689655172413794, 53.89655172413793, 53.53448275862069, 53.53448275862069, 53.48275862068966, 53.53448275862069, 54.10344827586207, 53.53448275862069, 53.94827586206897, 53.689655172413794, 53.48275862068966, 53.48275862068966, 53.48275862068966, 53.53448275862069, 53.48275862068966, 53.48275862068966, 53.48275862068966, 53.48275862068966, 53.48275862068966, 53.48275862068966, 53.48275862068966, 53.48275862068966], "b_nfe": [93.77586206896552, 92.74137931034483, 81.87931034482759, 76.03448275862068, 67.70689655172414, 67.08620689655173, 64.75862068965517, 62.58620689655172, 57.46551724137931, 57.51724137931034, 59.01724137931034, 57.0, 56.689655172413794, 57.1551724137931, 57.0, 56.94827586206897, 57.10344827586207, 57.10344827586207, 57.0, 57.0, 57.05172413793103, 57.0, 57.10344827586207, 57.206896551724135, 57.05172413793103, 57.05172413793103, 57.05172413793103, 57.258620689655174, 57.0, 57.206896551724135, 57.0, 57.0, 57.05172413793103]}