{"val_acc": [8.333333333333332, 50.0, 61.11111111111111, 72.22222222222223, 69.44444444444443, 69.44444444444446, 75.0, 77.77777777777777, 69.44444444444443, 83.33333333333334, 86.11111111111111, 86.11111111111111, 83.33333333333334, 86.11111111111111, 88.88888888888889, 88.88888888888889, 91.66666666666666, 94.44444444444444, 91.66666666666666, 88.88888888888889, 91.66666666666666, 88.88888888888889, 94.44444444444444, 94.44444444444444, 91.66666666666666, 94.44444444444444, 88.88888888888889, 88.88888888888889, 88.88888888888889, 88.88888888888889], "train_acc": [5.555555555555555, 38.095238095238095, 49.60317460317461, 65.47619047619047, 67.46031746031747, 73.41269841269842, 78.57142857142858, 80.55555555555557, 82.14285714285715, 83.33333333333334, 83.33333333333334, 86.5079365079365, 88.88888888888889, 88.4920634920635, 91.66666666666666, 90.07936507936508, 94.04761904761905, 95.23809523809523, 95.63492063492065, 95.63492063492065, 96.03174603174602, 96.42857142857143, 96.03174603174604, 96.03174603174602, 96.03174603174602, 96.03174603174601, 96.82539682539684, 96.03174603174602, 96.03174603174601, 96.03174603174602], "early_stopping_criteria": 5, "b_nfe": [27.0, 21.0, 21.0, 21.0, 21.0, 21.0, 21.0, 21.0, 21.0, 21.0, 21.0, 21.0, 21.0, 21.0, 21.0, 21.0, 21.0, 21.0, 21.0, 21.0, 21.0, 21.0, 21.0, 21.0, 21.0, 21.0, 21.0, 21.0, 21.0, 21.0], "val_loss": [2.2746037244796753, 2.181789755821228, 2.070984959602356, 1.949530303478241, 1.8083242177963257, 1.683493971824646, 1.512801468372345, 1.4043179154396057, 1.4431632161140442, 1.1837228536605835, 1.0433205962181091, 1.1294180750846863, 1.1137969493865967, 0.7430247068405151, 1.0133824050426483, 0.8844590187072754, 0.5791296511888504, 0.8740603625774384, 0.9335364103317261, 1.101160705089569, 0.6669818758964539, 1.007360965013504, 0.9505374133586884, 0.601639986038208, 0.9631049335002899, 0.5184437036514282, 0.9927281737327576, 1.0051637589931488, 0.879157230257988, 0.9413014054298401], "done_training": true, "test_acc": 90.74074074074073, "save_dir": "experiments", "early_stopping_step": 0, "epoch_index": 29, "stop_early": false, "test_loss": 1.0218536853790283, "early_stopping_best_val": 100000000.0, "model_filename": "model.pth", "f_nfe": [24.28571428571429, 20.0, 20.0, 20.0, 20.0, 20.0, 20.0, 20.0, 20.0, 20.0, 20.0, 20.0, 20.0, 20.0, 20.0, 20.0, 20.0, 20.0, 20.0, 20.0, 20.0, 20.0, 20.0, 20.0, 20.0, 20.0, 20.0, 20.0, 20.0, 20.0], "train_loss": [2.3721500805446083, 2.2499142885208125, 2.147720864840916, 2.0183787090437755, 1.8482624803270613, 1.6710891893931796, 1.5037276319095065, 1.3449047633579798, 1.2023905047348564, 1.0900754502841405, 1.0114523427827018, 0.9298621841839383, 0.8142547948019845, 0.7539310753345491, 0.706526632819857, 0.6717932564871651, 0.6014907700674874, 0.5962446331977845, 0.5737909163747513, 0.5505406877824237, 0.5364380542721069, 0.5377327906233924, 0.52457979960101, 0.5171529820987155, 0.522233288202967, 0.5046015722411019, 0.49036664622170584, 0.511836092386927, 0.5085175569568362, 0.5041780769824982], "learning_rate": 0.001}