{"image_vocab": {"train_stds": [63.71099090576172, 85.74866485595703, 61.633724212646484], "train_means": [136.43743896484375, 97.50916290283203, 34.183570861816406]}, "packer_vocab": {"token_to_idx": {"ExeShield": 4, "UPX": 9, "PeCompact": 7, "Obsidium": 5, "Themida": 8, "ASProtect": 1, "ExeCryptor": 3, "Armadillo": 2, "PELock": 6, "ACProtect": 0}}}